CustomerKey;GeographyKey;BusinessType;Customer;NumberEmployees;AnnualRevenue;YearOpened
141;6;Gym;Monster GYM;40;150000;1999
159;11;Gym;Bolado's Academia;46;150000;1995
177;24;Gym;Academia BIRL;40;150000;1986
195;12;Gym;#13MEMO Gym;34;150000;1976
465;17;Gym;Academia Mutante;37;150000;1999
483;14;Gym;Red Rocks Fitness;47;150000;1990
501;7;Gym;Muscle Monsters;41;150000;1981
519;35;Gym;Gym Hero;35;150000;1992
616;8;Gym;BodyWorks;39;150000;1978
634;14;Gym;Premium Body;33;150000;1982
640;30;Gym;Kardio Work;31;150000;1994
23;364;Gym;Guardian Gym;31;150000;2002
26;409;Gym;DevMuscles;34;150000;1987
29;77;Gym;Fit and Lift Gym Center;37;150000;1999
32;177;Gym;The Fitness Pack;40;150000;1999
35;555;Gym;Dynamo Fitness;43;150000;1996
38;491;Gym;Alpha Muscle Center;46;150000;2001
41;340;Gym;Premium Fitness;49;150000;1993
44;282;Gym;The Workout Zone;48;150000;1998
47;95;Gym;Platinum Fitness;47;150000;1990
50;114;Gym;The Sweat Arena;46;150000;1995
53;454;Gym;Muscle Magic;45;150000;1987
56;547;Gym;Gym Palace;44;150000;1992
59;380;Gym;Metal Muscles;43;150000;1984
62;569;Gym;Corenergy;42;150000;1989
65;99;Gym;Max Fitness;41;150000;1981
68;148;Gym;AbsoluteFit;40;150000;1986
71;394;Gym;Armour Body;39;150000;1978
74;547;Gym;Art of Wellness;38;150000;1983
77;359;Gym;Blueprint Fitness;37;150000;1975
80;413;Gym;Body Balance;36;150000;1980
83;88;Gym;Center Fitness;35;150000;1992
86;144;Gym;CrossFit Max Effort;34;150000;1976
89;533;Gym;Crossfit Zone;33;150000;1982
92;647;Gym;DIY Workout Machine;32;150000;1988
95;353;Gym;Equilibrium Fitness;31;150000;1994
98;409;Gym;Fit Body Boot Camp;30;150000;2000
132;392;Gym;Fit to Be;31;150000;2002
135;567;Gym;Fitness Connection;34;150000;1987
138;68;Gym;Fitness Hub;37;150000;1999
447;16;Gym;Fitness Together;19;80000;1994
144;522;Gym;Flow Fitness;43;150000;1996
147;432;Gym;Handle Bars Gym;46;150000;2001
150;373;Gym;Intensity Body Training;49;150000;1993
153;403;Gym;Iron Bodies Gym;48;150000;1998
156;106;Gym;Jazzy Moves;47;150000;1990
123;11;Gym;Just Fit Gym, LC;22;100000;2000
162;554;Gym;Living Fitness;45;150000;1987
165;578;Gym;Make Your Body;44;150000;1992
168;297;Gym;Muscle Feast;43;150000;1984
171;425;Gym;Phenomenal Fitness;42;150000;1989
174;67;Gym;Pinnacle Fitness;41;150000;1981
213;38;Gym;Primal Fitness;28;100000;1975
180;467;Gym;Raw Fitness;39;150000;1978
183;432;Gym;Rival Fitness;38;150000;1983
186;507;Gym;Strength Camp;37;150000;1975
189;283;Gym;The Fitness Connection;36;150000;1980
192;96;Gym;The Training Room;35;150000;1992
537;14;Gym;Titan Gym;29;100000;2005
198;471;Gym;Total Balance;33;150000;1982
201;578;Gym;Total Eclipse Fitness;32;150000;1988
204;374;Gym;Upside Down;31;150000;1994
207;498;Gym;Urban Body Fitness;30;150000;2000
241;304;Gym;Workout Anytime;31;150000;2002
244;107;Gym;9 Rounds Fitness;34;150000;1987
247;225;Gym;Anytime Fitness;37;150000;1999
250;250;Gym;Atlas Performance;40;150000;1999
253;633;Gym;Blink Fitness;43;150000;1996
256;578;Gym;Boom Fitness;46;150000;2001
259;371;Gym;Catalyst Fitness;49;150000;1993
262;41;Gym;Crossfit Insanity;48;150000;1998
265;202;Gym;Crunch;47;150000;1990
268;240;Gym;Desert Gymcats;46;150000;1995
271;645;Gym;Elite Edge Fitness;45;150000;1987
274;476;Gym;Exhale;44;150000;1992
277;292;Gym;Fit Pro West;43;150000;1984
280;75;Gym;Fit Results;42;150000;1989
283;206;Gym;Fitness Battalion;41;150000;1981
286;266;Gym;Fitness on Toast;40;150000;1986
289;635;Gym;Fitness Works;39;150000;1978
292;582;Gym;Fuel House;38;150000;1983
295;351;Gym;Heat Personal Training;37;150000;1975
298;72;Gym;Infliction Fitness;36;150000;1980
301;204;Gym;Jump Start Gym;35;150000;1992
304;227;Gym;Lateral Fitness;34;150000;1976
307;633;Gym;Lovely Bodies;33;150000;1982
310;437;Gym;Momentum Sports Therapy;32;150000;1988
313;316;Gym;Muscle Maniac;31;150000;1994
316;83;Gym;Next Level Fitness;30;150000;2000
350;569;Gym;Paddle Into Fitness;31;150000;2002
353;72;Gym;Raise The Bar;34;150000;1987
356;132;Gym;Riot Athletics;37;150000;1999
359;525;Gym;Sculpt House;40;150000;1999
362;641;Gym;Spin City Fitness;43;150000;1996
365;296;Gym;The Dream Gym;46;150000;2001
368;422;Gym;The Training Habit;49;150000;1993
371;67;Gym;Throwback Fitness;48;150000;1998
374;135;Gym;To the Core;47;150000;1990
377;470;Gym;Total Body;46;150000;1995
380;654;Gym;Total Row;45;150000;1987
383;354;Gym;Unrolled;44;150000;1992
386;559;Gym;Weight Time;43;150000;1984
389;67;Gym;Windy Night;42;150000;1989
392;147;Gym;Xtreme Couture;41;150000;1981
395;464;Gym;A Women’s Gym;40;150000;1986
398;430;Gym;Around the World Fitness;39;150000;1978
401;509;Gym;Blast Midtown;38;150000;1983
404;562;Gym;C3 Fitness;37;150000;1975
407;106;Gym;Chasing Aesthetic;36;150000;1980
410;168;Gym;Curl Fitness;35;150000;1992
413;513;Gym;Custom Body;34;150000;1976
416;643;Gym;E.F.F.E.C.T Fitness;33;150000;1982
419;346;Gym;Energym;32;150000;1988
422;558;Gym;Equinox the Loop;31;150000;1994
425;78;Gym;Extreme Crossfit;30;150000;2000
459;423;Gym;Fit Technicians;31;150000;2002
462;61;Gym;Fitness Cycles;34;150000;1987
468;465;Gym;Fitness on Fire;40;150000;1999
471;591;Gym;Fitness Zone;43;150000;1996
474;320;Gym;FLEX Studios;46;150000;2001
477;414;Gym;Fusion Fitness;49;150000;1993
480;84;Gym;Helios Fitness Centre;48;150000;1998
486;453;Gym;Iron Cans;46;150000;1995
489;575;Gym;Jungle Fitness;45;150000;1987
492;295;Gym;Lean Machines Fitness;44;150000;1992
495;407;Gym;Metro Fitness;43;150000;1984
498;84;Gym;Mile High Run Club;42;150000;1989
504;469;Gym;My Health Fitness;40;150000;1986
507;592;Gym;Number One Gym;39;150000;1978
510;375;Gym;Planet Granite;38;150000;1983
513;450;Gym;Pro Club;37;150000;1975
516;80;Gym;Rain City Fit;36;150000;1980
522;514;Gym;Reach Fieldhouse;34;150000;1976
525;419;Gym;Ridge Fitness;33;150000;1982
528;318;Gym;Seafit Pilates;32;150000;1988
531;415;Gym;Sky Gym;31;150000;1994
534;84;Gym;STACK Sports;30;150000;2000
568;94;Gym;The Foundry;31;150000;2002
571;191;Gym;The Sky Barre;34;150000;1987
574;246;Gym;The Weight Date;37;150000;1999
577;642;Gym;Unanimous Boxing;40;150000;1999
580;591;Gym;Uptown Fitness;43;150000;1996
583;290;Gym;Venture Crossfit;46;150000;2001
586;106;Gym;Wicker Park Fitness;49;150000;1993
589;198;Gym;360 Mind Body Soul;48;150000;1998
592;251;Gym;Alphalete Gym;47;150000;1990
595;535;Gym;Battle Ground Fitness;46;150000;1995
598;481;Gym;Blink Fitness;45;150000;1987
601;600;Gym;Body Tech Fitness;44;150000;1992
604;537;Gym;Body Temple Gym;43;150000;1984
607;586;Gym;Christ Fit Gym;42;150000;1989
610;289;Gym;ConqHER Fitness;41;150000;1981
613;97;Gym;Crunch Fitness;40;150000;1986
619;518;Gym;Destiny Fitness;38;150000;1983
622;438;Gym;Empower Fitness;37;150000;1975
625;285;Gym;Exhalt Gym;36;150000;1980
628;409;Gym;Faith Fitness;35;150000;1992
631;93;Gym;Fighter Nation;34;150000;1976
637;93;Gym;Fitness Authority;32;150000;1988
643;468;Gym;Fitness Love;30;150000;2000
677;88;Gym;Fitness Master;31;150000;2002
680;218;Gym;Five Point Fitness;34;150000;1987
683;257;Gym;Focused Movement;37;150000;1999
686;219;Gym;Fortified Fitness;40;150000;1999
689;249;Gym;Foundation Fitness;43;150000;1996
692;550;Gym;Friends of Jesus;46;150000;2001
695;484;Gym;Gladiator Fitness;49;150000;1993
698;595;Gym;Gravity Fitness;48;150000;1998
2;635;Gym;Guardian Gym;10;80000;1976
5;322;Gym;Hard Exercise Works;13;80000;1982
8;409;Gym;Harmony Mind Body Fitness Inc.;16;80000;1988
11;96;Gym;In-Shape Health Clubs;19;80000;1994
111;433;Gym;InBalance;10;80000;1976
114;360;Gym;Iron Religion;13;80000;1982
117;427;Gym;Legacy;16;80000;1988
120;105;Gym;Lion of Judah Fitness;19;80000;1994
220;487;Gym;Lion’s Den Fitness;10;80000;1976
223;387;Gym;Live Fit Gym;13;80000;1982
226;103;Gym;Mission Fitness;16;80000;1988
229;215;Gym;Mountaintop Fitness;19;80000;1994
329;315;Gym;My House Fitness;10;80000;1976
332;284;Gym;Old Skool Fitness;13;80000;1982
335;82;Gym;One Life Fitness;16;80000;1988
338;177;Gym;Onsight Rock Gym;19;80000;1994
438;509;Gym;Praise N Motion;10;80000;1976
441;452;Gym;PUCE Gym;13;80000;1982
444;41;Gym;Resurrection Fitness;16;80000;1988
547;382;Gym;Rising Stars;10;80000;1976
550;110;Gym;Shake it Off Fitness;13;80000;1982
553;197;Gym;Soul Cycle;16;80000;1988
556;256;Gym;Soul Fitness;19;80000;1994
656;196;Gym;Square One Fitness;10;80000;1976
659;248;Gym;Stone Summit;13;80000;1982
662;185;Gym;Strong Tower;16;80000;1988
665;255;Gym;Super Stars;19;80000;1994
14;167;Gym;Temple Builders Fitness;22;100000;2000
17;605;Gym;Temple Training;25;100000;2005
20;622;Gym;The Edge Rock Gym;28;100000;1975
101;96;Gym;The Lord’s Gym;29;100000;2005
104;130;Gym;The Sanctuary Gym;28;100000;1975
107;455;Gym;Through Christ Fit;27;100000;2002
126;517;Gym;Training Mate;25;100000;2005
129;440;Gym;Trinity Fitness;28;100000;1975
210;94;Gym;Warriors for Christ;29;100000;2005
216;399;Gym;WholyFit;27;100000;2002
232;228;Gym;Aesthetic Den;22;100000;2000
235;626;Gym;Bally Total Fitness;25;100000;2005
238;483;Gym;Beast Factory;28;100000;1975
319;220;Gym;Body Builders;29;100000;2005
322;259;Gym;Body Tone Fitness;28;100000;1975
325;610;Gym;Chic Physique Women’s Fitness;27;100000;2002
341;515;Gym;Define Body and Mind;22;100000;2000
344;616;Gym;Eagle Fitness;25;100000;2005
347;378;Gym;Equinox Fitness Essentials;28;100000;1975
428;157;Gym;Feel the Burn;29;100000;2005
431;461;Gym;Fitness Essentials;28;100000;1975
434;493;Gym;Fitness Zone;27;100000;2002
450;456;Gym;FLEX Studios;22;100000;2000
453;650;Gym;Fit Pro West;25;100000;2005
456;330;Gym;Go Performance & Fitness;28;100000;1975
540;524;Gym;Heroics Training;28;100000;1975
543;649;Gym;Iron Mine Gym;27;100000;2002
559;654;Gym;Iron Tribe Fitness;22;100000;2000
562;480;Gym;Let’s Burn;25;100000;2005
565;381;Gym;Mode Body Boutique;28;100000;1975
646;487;Gym;Next Age Fitness;29;100000;2005
649;367;Gym;Olympus Gym;28;100000;1975
652;424;Gym;POW! Gym;27;100000;2002
668;619;Gym;Progressive Gym;22;100000;2000
671;591;Gym;Quads Gym;25;100000;2005
674;314;Gym;Real Fitness;28;100000;1975
231;6;Supplement Store;Coleman Loja de Suplementos;14;80000;1998
249;37;Supplement Store;Suplementos King;16;80000;1998
267;35;Supplement Store;Gold Nutrition;10;80000;1989
303;12;Supplement Store;Boladão Suplementos;10;80000;1974
321;8;Supplement Store;Monster Nutrition;19;80000;2004
555;3;Supplement Store;100% Puro Suplementos;11;80000;1992
573;14;Supplement Store;Iron Suplementos;17;80000;1991
591;35;Supplement Store;Arnold is King;11;80000;1997
664;35;Supplement Store;Suplementos do Maromba;11;80000;1992
10;44;Supplement Store;Monsteroryx;11;80000;1992
13;211;Supplement Store;Monster Intense;14;80000;1998
16;247;Supplement Store;Monster Thrive;17;80000;2004
22;561;Supplement Store;Monster Maximus;19;80000;1979
25;317;Supplement Store;Nutrition Axe;18;80000;2001
28;95;Supplement Store;Supplements Vigor;17;80000;1991
31;201;Supplement Store;Supplements Crunch;16;80000;1998
34;272;Supplement Store;Supplementsara;15;80000;2003
37;633;Supplement Store;Supplements Young;14;80000;1995
40;587;Supplement Store;Supplements Advanced;13;80000;2000
43;599;Supplement Store;Nutrittastic;12;80000;1992
46;41;Supplement Store;Nutrition Drill;11;80000;1997
49;188;Supplement Store;Nutrition Aphrodite;10;80000;1989
85;216;Supplement Store;Nutritzilla;10;80000;1974
88;260;Supplement Store;Supplementspad;12;80000;1980
91;536;Supplement Store;Nutrition Anatomy;14;80000;1986
94;579;Supplement Store;Supplements Mindful;16;80000;1992
97;344;Supplement Store;Nutrition Jog;18;80000;1998
103;222;Supplement Store;Nutrition Vitality;19;80000;2004
106;275;Supplement Store;Nutrition All Star;18;80000;1979
109;618;Supplement Store;Nutrition Afterburner;17;80000;2001
119;109;Supplement Store;Monster Potential;11;80000;1992
122;125;Supplement Store;Monster Run;14;80000;1998
125;398;Supplement Store;Supplements Motion;17;80000;2004
131;317;Supplement Store;Monster Skill;19;80000;1979
134;568;Supplement Store;Monster Path;18;80000;2001
137;41;Supplement Store;Monster Protect;17;80000;1991
140;143;Supplement Store;Supplements Zeus;16;80000;1998
143;393;Supplement Store;Nutrition Workout;15;80000;2003
146;637;Supplement Store;Monster Well;14;80000;1995
149;392;Supplement Store;Supplementsaro;13;80000;2000
152;420;Supplement Store;Nutrition Essence;12;80000;1992
155;96;Supplement Store;Nutrition Bigger;11;80000;1997
158;154;Supplement Store;Nutritporium;10;80000;1989
194;150;Supplement Store;Supplementslaza;10;80000;1974
197;466;Supplement Store;Supplements 100;12;80000;1980
200;632;Supplement Store;Nutrition Active;14;80000;1986
203;342;Supplement Store;Monster Paramount;16;80000;1992
206;500;Supplement Store;Monster Planned;18;80000;1998
212;134;Supplement Store;Nutritology;19;80000;2004
215;400;Supplement Store;Monster Tread;18;80000;1979
218;625;Supplement Store;Supplements Jog;17;80000;2001
228;87;Supplement Store;Nutrition Grow;11;80000;1992
682;10;Supplement Store;Supplements Step;17;80000;1991
234;443;Supplement Store;Monster Apollo;17;80000;2004
240;350;Supplement Store;Nutritopedia;19;80000;1979
243;406;Supplement Store;Monster Superior;18;80000;2001
246;106;Supplement Store;Supplements Brigade;17;80000;1991
688;18;Supplement Store;Nutrition Sense;15;80000;2003
252;396;Supplement Store;Monsterado;15;80000;2003
255;582;Supplement Store;Supplements Bigger;14;80000;1995
258;356;Supplement Store;Nutrition Intense;13;80000;2000
261;401;Supplement Store;Supplements Workout;12;80000;1992
264;94;Supplement Store;Nutrition Heal;11;80000;1997
285;11;Supplement Store;Supplementsonus;4;30000;1980
658;1;Supplement Store;Nutrition Athletic;5;30000;1980
306;472;Supplement Store;Supplements Focus;12;80000;1980
309;582;Supplement Store;Monsterio;14;80000;1986
312;313;Supplement Store;Nutrition Life;16;80000;1992
315;408;Supplement Store;Monsterx;18;80000;1998
324;516;Supplement Store;Nutrition Energy;18;80000;1979
327;487;Supplement Store;Monster Quest;17;80000;2001
337;217;Supplement Store;Supplements Paladin;11;80000;1992
340;274;Supplement Store;Monsteromatic;14;80000;1998
343;615;Supplement Store;Nutrition Brute;17;80000;2004
349;362;Supplement Store;Supplements Torq;19;80000;1979
352;42;Supplement Store;Nutrition Explosive;18;80000;2001
355;193;Supplement Store;Nutritlux;17;80000;1991
358;277;Supplement Store;Supplements Rhino;16;80000;1998
361;639;Supplement Store;Nutrition Mass;15;80000;2003
364;482;Supplement Store;Nutrition Way;14;80000;1995
367;359;Supplement Store;Supplements Nurse;13;80000;2000
370;41;Supplement Store;Monsterlux;12;80000;1992
373;211;Supplement Store;Nutrition Fresh;11;80000;1997
376;230;Supplement Store;Monster Evolution;10;80000;1989
412;232;Supplement Store;Nutrition Armor;10;80000;1974
415;641;Supplement Store;Monster Evolution;12;80000;1980
418;652;Supplement Store;Nutrition Science;14;80000;1986
421;384;Supplement Store;Supplements Potential;16;80000;1992
424;91;Supplement Store;Monsterster;18;80000;1998
430;233;Supplement Store;Nutritonus;19;80000;2004
433;624;Supplement Store;Supplements Nutritious;18;80000;1979
436;576;Supplement Store;Supplements Physical;17;80000;2001
446;141;Supplement Store;Nutrition Maxing;11;80000;1992
449;606;Supplement Store;Supplements Restore;14;80000;1998
452;535;Supplement Store;Supplements Refresh;17;80000;2004
458;404;Supplement Store;Supplements Nurture;19;80000;1979
461;84;Supplement Store;Supplements Cure;18;80000;2001
464;174;Supplement Store;Nutrition Boulder;17;80000;1991
467;603;Supplement Store;Supplements Bulk;16;80000;1998
470;621;Supplement Store;Supplements Iron;15;80000;2003
473;288;Supplement Store;Monster Samurai;14;80000;1995
476;421;Supplement Store;Supplements Ward;13;80000;2000
479;113;Supplement Store;Nutrition Vibrance;12;80000;1992
482;115;Supplement Store;Supplements Design;11;80000;1997
485;604;Supplement Store;Monsteronus;10;80000;1989
521;556;Supplement Store;Nutrition Crush;10;80000;1974
524;499;Supplement Store;Supplements Soul;12;80000;1980
527;391;Supplement Store;Nutrition Capacity;14;80000;1986
530;411;Supplement Store;Monster Loaded;16;80000;1992
533;112;Supplement Store;Monster Movement;18;80000;1998
539;519;Supplement Store;Monster Healing;19;80000;2004
542;623;Supplement Store;Monster Naturo;18;80000;1979
545;357;Supplement Store;Supplements Tough;17;80000;2001
558;504;Supplement Store;Supplements Marvel;14;80000;1998
561;593;Supplement Store;Monster Breathe;17;80000;2004
567;570;Supplement Store;Nutrition Born;19;80000;1979
570;105;Supplement Store;Supplements Boulder;18;80000;2001
576;530;Supplement Store;Supplements Fresh;16;80000;1998
579;475;Supplement Store;Nutrition Evolution;15;80000;2003
582;379;Supplement Store;Supplements Ninja;14;80000;1995
585;567;Supplement Store;Nutrition Lifestyle;13;80000;2000
588;47;Supplement Store;Supplements Energy;12;80000;1992
594;502;Supplement Store;Monster Energise;10;80000;1989
630;93;Supplement Store;Monster Vital;10;80000;1974
633;116;Supplement Store;Monster Edge;12;80000;1980
636;444;Supplement Store;Nutrition Bio;14;80000;1986
639;118;Supplement Store;Nutrition Young;16;80000;1992
642;459;Supplement Store;Supplements Crunch;18;80000;1998
648;317;Supplement Store;Nutrition Protein;19;80000;2004
651;417;Supplement Store;Nutrition Cleanse;18;80000;1979
654;74;Supplement Store;Supplements Solution;17;80000;2001
667;523;Supplement Store;Monster Expert;14;80000;1998
670;485;Supplement Store;Supplements League;17;80000;2004
676;418;Supplement Store;Supplements Gun;19;80000;1979
679;104;Supplement Store;Supplements Micro;18;80000;2001
685;107;Supplement Store;Nutrition Pathway;16;80000;1998
691;397;Supplement Store;Supplements Stable;14;80000;1995
694;478;Supplement Store;Nutrition AAA;13;80000;2000
697;601;Supplement Store;Monster Progress;12;80000;1992
700;494;Supplement Store;Supplements Care;11;80000;1997
1;637;Supplement Store;Supplements Aid;2;30000;1974
4;572;Supplement Store;Monster Zeus;5;30000;1980
7;599;Supplement Store;Monster Guide;8;30000;1986
52;239;Supplement Store;Nutrition Better;9;30000;1994
55;544;Supplement Store;Supplements Enhance;8;30000;1986
58;432;Supplement Store;Nutrition Sportsman;7;30000;1991
61;323;Supplement Store;Monster Interval;6;30000;1983
64;95;Supplement Store;Monster Strength;5;30000;1988
67;213;Supplement Store;Supplements Physique;4;30000;1980
70;244;Supplement Store;Nutrition Life;3;30000;1985
73;630;Supplement Store;Monster Slim;2;30000;1977
76;440;Supplement Store;Nutrition Joint;4;30000;1982
79;388;Supplement Store;Nutrition Naturo;6;30000;1974
82;68;Supplement Store;Monster Compound;8;30000;1979
110;428;Supplement Store;Supplements Prime;2;30000;1974
113;321;Supplement Store;Nutrition Bison;5;30000;1980
116;416;Supplement Store;Supplements Wellness;8;30000;1986
161;442;Supplement Store;Monster Healthy;9;30000;1994
164;551;Supplement Store;Nutrition Cycle;8;30000;1986
167;305;Supplement Store;Monster Evolution;7;30000;1991
170;567;Supplement Store;Nutrition Anatomy;6;30000;1983
173;68;Supplement Store;Supplements Ensure;5;30000;1988
176;170;Supplement Store;Supplements Physical;4;30000;1980
179;531;Supplement Store;Supplements Iron;3;30000;1985
182;545;Supplement Store;Nutrition Apollo;2;30000;1977
185;362;Supplement Store;Supplements Macho;4;30000;1982
188;409;Supplement Store;Nutrition Nurse;6;30000;1974
191;96;Supplement Store;Supplements Challenge;8;30000;1979
219;432;Supplement Store;Monster Design;2;30000;1974
222;386;Supplement Store;Monster Minotaur;5;30000;1980
225;448;Supplement Store;Supplements Youth;8;30000;1986
270;532;Supplement Store;Nutrition Bigger;9;30000;1994
273;590;Supplement Store;Supplements Skill;8;30000;1986
276;351;Supplement Store;Monster Mindful;7;30000;1991
279;567;Supplement Store;Nutrition Interval;6;30000;1983
282;111;Supplement Store;Supplements Guide;5;30000;1988
288;473;Supplement Store;Monster Sharp;3;30000;1985
291;573;Supplement Store;Monster Mass;2;30000;1977
294;381;Supplement Store;Supplements Sound;4;30000;1982
297;451;Supplement Store;Nutrition Quality;6;30000;1974
300;90;Supplement Store;Nutrition Body;8;30000;1979
328;591;Supplement Store;Nutrition Strong;2;30000;1974
331;349;Supplement Store;Monster Factory;5;30000;1980
334;98;Supplement Store;Monster Jog;8;30000;1986
379;547;Supplement Store;Nutrition Aid;9;30000;1994
382;591;Supplement Store;Supplements Relieve;8;30000;1986
385;324;Supplement Store;Monster Superior;7;30000;1991
388;68;Supplement Store;Monster Dr.;6;30000;1983
391;194;Supplement Store;Monster Essence;5;30000;1988
394;278;Supplement Store;Monster Balance;4;30000;1980
397;637;Supplement Store;Nutrition Macho;3;30000;1985
400;434;Supplement Store;Monster Pulse;2;30000;1977
403;333;Supplement Store;Supplements Viva;4;30000;1982
406;108;Supplement Store;Supplements Shape;6;30000;1974
409;181;Supplement Store;Monster Nourish;8;30000;1979
437;288;Supplement Store;Monster Viva;2;30000;1974
440;411;Supplement Store;Supplements Maximus;5;30000;1980
443;91;Supplement Store;Supplements Evolution;8;30000;1986
488;429;Supplement Store;Monster Victor;9;30000;1994
491;341;Supplement Store;Supplements Body;8;30000;1986
494;409;Supplement Store;Monster Nutritious;7;30000;1991
497;61;Supplement Store;Monster Health;6;30000;1983
500;128;Supplement Store;Monster Hardy;5;30000;1988
503;501;Supplement Store;Monster Enhance;4;30000;1980
506;653;Supplement Store;Nutrition Hercules;3;30000;1985
509;291;Supplement Store;Monster Optimum;2;30000;1977
512;569;Supplement Store;Supplements Aphrodite;4;30000;1982
515;86;Supplement Store;Supplements Clever;6;30000;1974
518;125;Supplement Store;Supplements Genius;8;30000;1979
546;390;Supplement Store;Supplements Achilles;2;30000;1974
549;403;Supplement Store;Monster Potential;5;30000;1980
552;94;Supplement Store;Supplements Habit;8;30000;1986
597;582;Supplement Store;Monster Rep;9;30000;1994
600;346;Supplement Store;Nutrition Sculpt;8;30000;1986
603;409;Supplement Store;Nutrition Effort;7;30000;1991
606;651;Supplement Store;Nutrition Physical;6;30000;1983
609;294;Supplement Store;Monster Insight;5;30000;1988
612;405;Supplement Store;Monster BodyBuild;4;30000;1980
615;158;Supplement Store;Supplements Iron;3;30000;1985
618;503;Supplement Store;Nutrition A+;2;30000;1977
621;609;Supplement Store;Monster All Star;4;30000;1982
624;289;Supplement Store;Supplements People;6;30000;1974
627;497;Supplement Store;Monster Vigor;8;30000;1979
655;102;Supplement Store;Nutrition Boost;2;30000;1974
661;41;Supplement Store;Nutrition Paramount;8;30000;1986
19;610;Supplement Store;Nutrition Genic;20;100000;2004
100;81;Supplement Store;Supplements AAA;20;100000;2004
128;646;Supplement Store;Nutrition Crush;20;100000;2004
209;92;Supplement Store;Nutrition Flame;20;100000;2004
237;432;Supplement Store;Nutrition Balanced;20;100000;2004
318;69;Supplement Store;Monster Steel;20;100000;2004
346;435;Supplement Store;Supplements Samsonite;20;100000;2004
427;199;Supplement Store;Nutrition Progress;20;100000;2004
455;293;Supplement Store;Nutrition Isolate;20;100000;2004
536;165;Supplement Store;Monster Clinic;20;100000;2004
564;510;Supplement Store;Monster Axe;20;100000;2004
645;536;Supplement Store;Supplements Compound;20;100000;2004
673;594;Supplement Store;Monster Quest;20;100000;2004
18;474;Warehouse;Guide Store;55;300000;2003
21;584;Warehouse;Bounce Store;58;300000;2003
24;376;Warehouse;Overload Department;61;300000;1983
27;568;Warehouse;Wisdom Sports;64;300000;2000
30;110;Warehouse;Ajax Department;67;300000;1995
36;447;Warehouse;Grow Department;73;300000;2002
39;477;Warehouse;Support Sports;76;300000;1994
42;345;Warehouse;Sportsman Store;79;300000;1999
45;565;Warehouse;Warehouseverse;80;300000;1991
48;106;Warehouse;Progress Warehouse;81;300000;1996
54;520;Warehouse;Factory Store;83;300000;1993
57;439;Warehouse;Optimum Store;84;300000;1985
60;328;Warehouse;Storeara;85;300000;1990
63;495;Warehouse;Hero Store;86;300000;1982
66;48;Warehouse;Bounce Warehouse;87;300000;1987
72;502;Warehouse;Departque;89;300000;1984
75;580;Warehouse;Storeworks;90;300000;1976
78;349;Warehouse;Circulate Store;91;300000;1981
81;409;Warehouse;Enhanced Store;92;300000;1991
84;78;Warehouse;Function Warehouse;93;300000;1978
90;602;Warehouse;Iso Department;95;300000;1984
93;590;Warehouse;Shield Department;96;300000;1990
96;367;Warehouse;Storescape;97;300000;1996
99;412;Warehouse;Sense Warehouse;98;300000;2002
102;96;Warehouse;Brute Sports;99;300000;2003
108;459;Warehouse;Welfare Store;66;300000;1983
124;270;Warehouse;Shred Store;52;300000;2002
127;634;Warehouse;Repair Store;55;300000;2003
130;578;Warehouse;Sharpen Store;58;300000;2003
133;341;Warehouse;Storeops;61;300000;1983
136;41;Warehouse;Mindful Sports;64;300000;2000
139;215;Warehouse;Interval Department;67;300000;1995
142;268;Warehouse;Storezilla;70;300000;1997
145;634;Warehouse;Heart Sports;73;300000;2002
148;431;Warehouse;Clinic Store;76;300000;1994
151;313;Warehouse;Cleanse Department;79;300000;1999
154;68;Warehouse;Balanced Store;80;300000;1991
157;204;Warehouse;Storeiva;81;300000;1996
160;264;Warehouse;Insight Department;82;300000;1988
163;541;Warehouse;Physical Sports;83;300000;1993
166;580;Warehouse;Mindful Department;84;300000;1985
169;508;Warehouse;Xerxes Warehouse;85;300000;1990
172;61;Warehouse;Helios Sports;86;300000;1982
175;183;Warehouse;Storebia;87;300000;1987
178;270;Warehouse;Stream Sports;88;300000;1979
181;538;Warehouse;Genic Warehouse;89;300000;1984
184;574;Warehouse;Warehouseiva;90;300000;1976
187;306;Warehouse;Wellness Warehouse;91;300000;1981
190;41;Warehouse;Defender Store;92;300000;1991
193;180;Warehouse;Steel Sports;93;300000;1978
196;260;Warehouse;Departarc;94;300000;1978
199;635;Warehouse;Stable Warehouse;95;300000;1984
202;589;Warehouse;Mindful Store;96;300000;1990
205;285;Warehouse;Interval Warehouse;97;300000;1996
208;96;Warehouse;Fortify Store;98;300000;2002
211;205;Warehouse;Naturo Store;99;300000;2003
214;242;Warehouse;Endure Store;100;300000;2003
217;640;Warehouse;Refresh Warehouse;66;300000;1983
233;521;Warehouse;Happy Sports;52;300000;2002
236;637;Warehouse;BodyBuild Department;55;300000;2003
239;369;Warehouse;Potential Department;58;300000;2003
242;409;Warehouse;Storegenics;61;300000;1983
245;101;Warehouse;Vita Warehouse;64;300000;2000
248;178;Warehouse;Essential Warehouse;67;300000;1995
251;395;Warehouse;Storevio;70;300000;1997
254;608;Warehouse;Shield Sports;73;300000;2002
257;319;Warehouse;Guide Sports;76;300000;1994
260;409;Warehouse;Physique Sports;79;300000;1999
263;46;Warehouse;Storeella;80;300000;1991
266;119;Warehouse;Intense Store;81;300000;1996
269;527;Warehouse;Sound Warehouse;82;300000;1988
272;642;Warehouse;Heat Department;83;300000;1993
275;334;Warehouse;Storely;84;300000;1985
278;411;Warehouse;Storeadri;85;300000;1990
281;106;Warehouse;Heart Store;86;300000;1982
284;153;Warehouse;Superior Store;87;300000;1987
287;463;Warehouse;Sweat Warehouse;88;300000;1979
290;609;Warehouse;Progressive Store;89;300000;1984
293;597;Warehouse;Brawn Department;90;300000;1976
296;280;Warehouse;Energy Department;91;300000;1981
299;73;Warehouse;Warehouseonus;92;300000;1991
302;172;Warehouse;Helios Warehouse;93;300000;1978
305;445;Warehouse;A+ Store;94;300000;1978
308;616;Warehouse;Nourish Warehouse;95;300000;1984
311;377;Warehouse;Impulse Store;96;300000;1990
314;490;Warehouse;Vigor Sports;97;300000;1996
317;45;Warehouse;Workout Sports;98;300000;2002
320;145;Warehouse;Hercules Warehouse;99;300000;2003
323;460;Warehouse;Olympic Warehouse;100;300000;2003
326;622;Warehouse;Impulse Sports;66;300000;1983
342;443;Warehouse;Enhance Store;52;300000;2002
345;583;Warehouse;Zeus Sports;55;300000;2003
348;390;Warehouse;Science Warehouse;58;300000;2003
351;425;Warehouse;Warehouseish;61;300000;1983
354;41;Warehouse;Storery;64;300000;2000
360;470;Warehouse;Sportssy;70;300000;1997
363;486;Warehouse;Edge Store;73;300000;2002
366;309;Warehouse;Ensure Sports;76;300000;1994
369;449;Warehouse;Clinic Warehouse;79;300000;1999
372;80;Warehouse;Happy Sports;80;300000;1991
378;534;Warehouse;Warehousejet;82;300000;1988
381;487;Warehouse;Thin Sports;83;300000;1993
384;365;Warehouse;Vita Department;84;300000;1985
387;282;Warehouse;Physique Department;85;300000;1990
390;98;Warehouse;Unit Department;86;300000;1982
396;446;Warehouse;Departaro;88;300000;1979
399;585;Warehouse;Ensure Warehouse;89;300000;1984
402;303;Warehouse;Hammer Department;90;300000;1976
405;564;Warehouse;Sportsadora;91;300000;1981
408;61;Warehouse;Paragon Department;92;300000;1991
414;441;Warehouse;Quality Warehouse;94;300000;1978
417;591;Warehouse;Knight Sports;95;300000;1984
420;370;Warehouse;Colossus Store;96;300000;1990
423;488;Warehouse;Endure Warehouse;97;300000;1996
426;76;Warehouse;Sportsaro;98;300000;2002
432;443;Warehouse;Brawn Store;100;300000;2003
435;577;Warehouse;Clever Warehouse;66;300000;1983
451;544;Warehouse;Superior Warehouse;52;300000;2002
454;560;Warehouse;Aphrodite Department;55;300000;2003
457;287;Warehouse;Factory Warehouse;58;300000;2003
460;100;Warehouse;Warehouseish;61;300000;1983
463;211;Warehouse;Run Warehouse;64;300000;2000
466;258;Warehouse;Guru Store;67;300000;1995
469;613;Warehouse;Strength Store;70;300000;1997
472;436;Warehouse;Eager Warehouse;73;300000;2002
475;288;Warehouse;Path Department;76;300000;1994
478;61;Warehouse;Wisdom Sports;79;300000;1999
481;182;Warehouse;Sweat Warehouse;80;300000;1991
484;229;Warehouse;Powerlift Warehouse;81;300000;1996
487;548;Warehouse;Sportslux;82;300000;1988
490;588;Warehouse;Bounce Warehouse;83;300000;1993
493;308;Warehouse;Tough Warehouse;84;300000;1985
496;42;Warehouse;Bigger Sports;85;300000;1990
499;183;Warehouse;Warehouseio;86;300000;1982
502;254;Warehouse;Sportsonus;87;300000;1987
505;619;Warehouse;Isolate Department;88;300000;1979
508;581;Warehouse;Physical Department;89;300000;1984
511;363;Warehouse;Happy Department;90;300000;1976
514;61;Warehouse;Helios Warehouse;91;300000;1981
517;211;Warehouse;Grow Warehouse;92;300000;1991
520;253;Warehouse;Paramount Store;93;300000;1978
523;389;Warehouse;Balanced Warehouse;94;300000;1978
526;88;Warehouse;Rediscover Sports;95;300000;1984
529;303;Warehouse;Boost Store;96;300000;1990
532;79;Warehouse;Balance Store;97;300000;1996
535;226;Warehouse;Departadil;98;300000;2002
538;245;Warehouse;Vitality Sports;99;300000;2003
541;492;Warehouse;Quality Store;100;300000;2003
544;484;Warehouse;Departzoid;66;300000;1983
560;655;Warehouse;Sportsbea;52;300000;2002
563;286;Warehouse;Hardcore Department;55;300000;2003
566;489;Warehouse;Utopia Sports;58;300000;2003
569;85;Warehouse;Sportsman Department;61;300000;1983
572;156;Warehouse;Rep Warehouse;64;300000;2000
575;525;Warehouse;Ability Sports;67;300000;1995
578;633;Warehouse;Storely;70;300000;1997
581;506;Warehouse;Departtastic;73;300000;2002
584;426;Warehouse;Heal Sports;76;300000;1994
587;89;Warehouse;Warehouseify;79;300000;1999
590;173;Warehouse;Outward Sports;80;300000;1991
593;529;Warehouse;Endure Store;81;300000;1996
596;616;Warehouse;Protein Sports;82;300000;1988
599;366;Warehouse;Prosper Sports;83;300000;1993
602;566;Warehouse;Warehousenest;84;300000;1985
605;641;Warehouse;Thor Department;85;300000;1990
608;332;Warehouse;Rediscover Store;86;300000;1982
611;402;Warehouse;Bulk Department;87;300000;1987
614;203;Warehouse;Rhino Sports;88;300000;1979
617;263;Warehouse;Storelaza;89;300000;1984
620;654;Warehouse;All Star Warehouse;90;300000;1976
623;479;Warehouse;Storenest;91;300000;1981
626;509;Warehouse;Good Department;92;300000;1991
629;41;Warehouse;Supreme Sports;93;300000;1978
632;212;Warehouse;Skill Sports;94;300000;1978
635;235;Warehouse;Expert Warehouse;95;300000;1984
638;200;Warehouse;Cleanse Department;96;300000;1990
641;252;Warehouse;Circulate Sports;97;300000;1996
644;549;Warehouse;Expert Department;98;300000;2002
647;571;Warehouse;Habit Sports;99;300000;2003
650;511;Warehouse;Departquipo;100;300000;2003
653;93;Warehouse;Start Store;66;300000;1983
669;617;Warehouse;Storelux;52;300000;2002
672;596;Warehouse;Warehousescape;55;300000;2003
675;410;Warehouse;Sportstastic;58;300000;2003
678;93;Warehouse;Haven Sports;61;300000;1983
681;178;Warehouse;Macho Store;64;300000;2000
684;396;Warehouse;Knight Store;67;300000;1995
687;159;Warehouse;Departops;70;300000;1997
690;528;Warehouse;Powerlift Department;73;300000;2002
693;540;Warehouse;Clinic Store;76;300000;1994
696;598;Warehouse;Enhance Warehouse;79;300000;1999
699;496;Warehouse;Shield Warehouse;80;300000;1991
701;41;Warehouse;Thor Sports;81;300000;1996
3;584;Warehouse;Storeify;40;150000;1978
6;303;Warehouse;Ajax Sports;43;150000;1984
9;568;Warehouse;Sportsque;46;150000;1990
12;96;Warehouse;Defender Warehouse;49;150000;1996
112;578;Warehouse;Sportspad;40;150000;1978
115;512;Warehouse;Storewind;43;150000;1984
118;96;Warehouse;Fulfil Store;46;150000;1990
121;182;Warehouse;Storester;49;150000;1996
221;505;Warehouse;Bro Warehouse;40;150000;1978
224;281;Warehouse;Hero Store;43;150000;1984
227;94;Warehouse;Afterburner Store;46;150000;1990
230;122;Warehouse;Flourish Department;49;150000;1996
330;327;Warehouse;Heart Store;40;150000;1978
333;563;Warehouse;Cure Store;43;150000;1984
336;107;Warehouse;Departpad;46;150000;1990
439;291;Warehouse;Stamina Sports;40;150000;1978
442;94;Warehouse;Genius Warehouse;43;150000;1984
445;222;Warehouse;Powerlift Department;46;150000;1990
448;276;Warehouse;Skill Sports;49;150000;1996
548;557;Warehouse;Warehousegenix;40;150000;1978
551;94;Warehouse;Connect Sports;43;150000;1984
554;151;Warehouse;Haven Sports;46;150000;1990
557;457;Warehouse;Start Warehouse;49;150000;1996
657;136;Warehouse;Juggernaut Sports;40;150000;1978
660;462;Warehouse;Examine Store;43;150000;1984
663;137;Warehouse;Fulfil Sports;46;150000;1990
666;526;Warehouse;Warehousenest;49;150000;1996
15;6;Warehouse;Potential Store;52;300000;2002
33;6;Warehouse;Detox Warehouse;70;300000;1997
51;28;Warehouse;Juggernaut Store;82;300000;1988
69;6;Warehouse;Departaro;88;300000;1979
87;5;Warehouse;Brute Warehouse;94;300000;1978
105;1;Warehouse;Enhance Store;100;300000;2003
357;29;Warehouse;Insight Sports;67;300000;1995
375;22;Warehouse;Expert Warehouse;81;300000;1996
393;9;Warehouse;Ability Sports;87;300000;1987
411;12;Warehouse;Olympia Department;93;300000;1978
429;15;Warehouse;Drill Department;99;300000;2003
339;8;Warehouse;Bulk Sports;49;150000;1996
