ProductKey;ProductSubcategoryKey;ProductName;Size;Detail
497;3;PRO Weight Gainer;5lbs;Chocolate
492;3;PRO Weight Gainer;5lbs;Peanut Butter
499;3;PRO Weight Gainer;5lbs;Coconut
500;3;PRO Weight Gainer;5lbs;Cookies
496;3;PRO Weight Gainer;5lbs;Vanilla
276;3;PRO Weight Gainer;5lbs;Banana
430;3;PRO Weight Gainer;5lbs;Caramel Ice Cream
275;3;PRO Weight Gainer;5lbs;Strawberry
418;3;PRO Weight Gainer;5lbs;Capuccino
436;3;Serious MASS Gainer;5lbs;Chocolate
434;3;Serious MASS Gainer;5lbs;Peanut Butter
429;3;Serious MASS Gainer;5lbs;Coconut
417;3;Serious MASS Gainer;5lbs;Cookies
435;3;Serious MASS Gainer;5lbs;Vanilla
433;3;Serious MASS Gainer;5lbs;Banana
558;3;Serious MASS Gainer;5lbs;Caramel Ice Cream
512;3;Serious MASS Gainer;5lbs;Strawberry
549;3;Serious MASS Gainer;5lbs;Capuccino
256;4;TrueFit Grass-Fed Protein;5lbs;Natural
279;4;MRE Meal Replacement Powder;5lbs;Natural
526;4;Meal Rep;5lbs;Natural
527;4;Lean Body MRP;5lbs;Natural
550;4;Victus Meal Replacement;5lbs;Natural
292;12;STEAK in Powder;5lbs;Chocolate
290;12;STEAK in Powder;5lbs;Peanut Butter
309;12;STEAK in Powder;5lbs;Coconut
300;12;STEAK in Powder;5lbs;Cookies
298;12;STEAK in Powder;5lbs;Vanilla
306;12;STEAK in Powder;5lbs;Banana
299;12;STEAK in Powder;5lbs;Caramel Ice Cream
439;12;STEAK in Powder;5lbs;Strawberry
441;12;STEAK in Powder;5lbs;Capuccino
360;13;Blended Protein;5lbs;Chocolate
582;13;Blended Protein;5lbs;Peanut Butter
581;13;Blended Protein;5lbs;Coconut
580;13;Blended Protein;5lbs;Cookies
583;13;Blended Protein;5lbs;Vanilla
369;14;Pure Casein Protein;5lbs;Chocolate
376;14;Pure Casein Protein;5lbs;Peanut Butter
368;14;Pure Casein Protein;5lbs;Coconut
575;14;Pure Casein Protein;5lbs;Cookies
574;14;Pure Casein Protein;5lbs;Vanilla
573;14;Pure Casein Protein;5lbs;Banana
576;14;Pure Casein Protein;5lbs;Caramel Ice Cream
357;14;Pure Casein Protein;5lbs;Strawberry
355;14;Pure Casein Protein;5lbs;Capuccino
373;15;100% Egg Protein;5lbs;Chocolate
561;15;100% Egg Protein;5lbs;Peanut Butter
562;15;100% Egg Protein;5lbs;Coconut
563;15;100% Egg Protein;5lbs;Cookies
356;15;100% Egg Protein;5lbs;Vanilla
352;15;100% Egg Protein;5lbs;Banana
354;15;100% Egg Protein;5lbs;Caramel Ice Cream
358;15;100% Egg Protein;5lbs;Strawberry
362;15;100% Egg Protein;5lbs;Capuccino
259;16;100% Vegan Protein;5lbs;Chocolate
260;16;100% Vegan Protein;5lbs;Peanut Butter
211;16;100% Vegan Protein;5lbs;Coconut
440;16;100% Vegan Protein;5lbs;Cookies
442;16;100% Vegan Protein;5lbs;Vanilla
240;16;100% Vegan Protein;5lbs;Banana
243;16;100% Vegan Protein;5lbs;Caramel Ice Cream
246;16;100% Vegan Protein;5lbs;Strawberry
295;16;100% Vegan Protein;5lbs;Capuccino
310;17;Hydrolyzed Whey Protein;5lbs;Chocolate
311;17;Hydrolyzed Whey Protein;5lbs;Peanut Butter
312;17;Hydrolyzed Whey Protein;5lbs;Coconut
313;17;Hydrolyzed Whey Protein;5lbs;Cookies
314;17;Hydrolyzed Whey Protein;5lbs;Vanilla
347;17;Hydrolyzed Whey Protein;5lbs;Banana
350;17;Hydrolyzed Whey Protein;5lbs;Caramel Ice Cream
345;17;Hydrolyzed Whey Protein;5lbs;Strawberry
344;17;Hydrolyzed Whey Protein;5lbs;Capuccino
346;17;Isolate Whey Protein;5lbs;Chocolate
348;17;Isolate Whey Protein;5lbs;Peanut Butter
349;17;Isolate Whey Protein;5lbs;Coconut
351;17;Isolate Whey Protein;5lbs;Cookies
380;17;Isolate Whey Protein;5lbs;Vanilla
378;17;Isolate Whey Protein;5lbs;Banana
374;17;Isolate Whey Protein;5lbs;Caramel Ice Cream
372;17;Isolate Whey Protein;5lbs;Strawberry
370;17;Isolate Whey Protein;5lbs;Capuccino
353;17;Concentrate Whey Protein;5lbs;Chocolate
363;17;Concentrate Whey Protein;5lbs;Peanut Butter
361;17;Concentrate Whey Protein;5lbs;Coconut
359;17;Concentrate Whey Protein;5lbs;Cookies
564;17;Concentrate Whey Protein;5lbs;Vanilla
377;17;Concentrate Whey Protein;5lbs;Banana
379;17;Concentrate Whey Protein;5lbs;Caramel Ice Cream
371;17;Concentrate Whey Protein;5lbs;Strawberry
375;17;Concentrate Whey Protein;5lbs;Capuccino
513;3;Serious MASS Gainer;2lbs;Chocolate
511;3;Serious MASS Gainer;2lbs;Peanut Butter
424;3;Serious MASS Gainer;2lbs;Coconut
426;3;Serious MASS Gainer;2lbs;Cookies
409;3;Serious MASS Gainer;2lbs;Vanilla
427;3;Serious MASS Gainer;2lbs;Banana
428;3;Serious MASS Gainer;2lbs;Caramel Ice Cream
255;3;Serious MASS Gainer;2lbs;Strawberry
258;3;Serious MASS Gainer;2lbs;Capuccino
281;3;PRO Weight Gainer;2lbs;Chocolate
265;3;PRO Weight Gainer;2lbs;Peanut Butter
271;3;PRO Weight Gainer;2lbs;Coconut
267;3;PRO Weight Gainer;2lbs;Cookies
273;3;PRO Weight Gainer;2lbs;Vanilla
263;3;PRO Weight Gainer;2lbs;Banana
287;3;PRO Weight Gainer;2lbs;Caramel Ice Cream
502;3;PRO Weight Gainer;2lbs;Strawberry
507;3;PRO Weight Gainer;2lbs;Capuccino
503;3;PRO Weight Gainer;2lbs;Chocolate
285;4;TrueFit Grass-Fed Protein;2lbs;Natural
551;4;Lean Body MRP;2lbs;Natural
533;4;MRE Lite;2lbs;Natural
556;4;Core MRP;2lbs;Natural
324;13;Blended Protein;2lbs;Chocolate
326;13;Blended Protein;2lbs;Peanut Butter
330;13;Blended Protein;2lbs;Coconut
320;13;Blended Protein;2lbs;Cookies
322;13;Blended Protein;2lbs;Vanilla
383;14;Pure Casein Protein;2lbs;Chocolate
385;14;Pure Casein Protein;2lbs;Peanut Butter
387;14;Pure Casein Protein;2lbs;Coconut
381;14;Pure Casein Protein;2lbs;Cookies
389;14;Pure Casein Protein;2lbs;Vanilla
341;14;Pure Casein Protein;2lbs;Banana
337;14;Pure Casein Protein;2lbs;Caramel Ice Cream
331;14;Pure Casein Protein;2lbs;Strawberry
321;14;Pure Casein Protein;2lbs;Capuccino
590;15;100% Egg Protein;2lbs;Chocolate
588;15;100% Egg Protein;2lbs;Peanut Butter
327;15;100% Egg Protein;2lbs;Coconut
332;15;100% Egg Protein;2lbs;Cookies
336;15;100% Egg Protein;2lbs;Vanilla
338;15;100% Egg Protein;2lbs;Banana
340;15;100% Egg Protein;2lbs;Caramel Ice Cream
334;15;100% Egg Protein;2lbs;Strawberry
328;15;100% Egg Protein;2lbs;Capuccino
319;17;Hydrolyzed Whey Protein;2lbs;Chocolate
316;17;Hydrolyzed Whey Protein;2lbs;Peanut Butter
317;17;Hydrolyzed Whey Protein;2lbs;Coconut
318;17;Hydrolyzed Whey Protein;2lbs;Cookies
315;17;Hydrolyzed Whey Protein;2lbs;Vanilla
578;17;Hydrolyzed Whey Protein;2lbs;Banana
577;17;Hydrolyzed Whey Protein;2lbs;Caramel Ice Cream
560;17;Hydrolyzed Whey Protein;2lbs;Strawberry
579;17;Hydrolyzed Whey Protein;2lbs;Capuccino
386;17;Isolate Whey Protein;2lbs;Chocolate
388;17;Isolate Whey Protein;2lbs;Peanut Butter
382;17;Isolate Whey Protein;2lbs;Coconut
384;17;Isolate Whey Protein;2lbs;Cookies
390;17;Isolate Whey Protein;2lbs;Vanilla
366;17;Isolate Whey Protein;2lbs;Banana
367;17;Isolate Whey Protein;2lbs;Caramel Ice Cream
364;17;Isolate Whey Protein;2lbs;Strawberry
365;17;Isolate Whey Protein;2lbs;Capuccino
339;17;Concentrate Whey Protein;2lbs;Chocolate
335;17;Concentrate Whey Protein;2lbs;Peanut Butter
333;17;Concentrate Whey Protein;2lbs;Coconut
325;17;Concentrate Whey Protein;2lbs;Cookies
329;17;Concentrate Whey Protein;2lbs;Vanilla
343;17;Concentrate Whey Protein;2lbs;Banana
323;17;Concentrate Whey Protein;2lbs;Caramel Ice Cream
589;17;Concentrate Whey Protein;2lbs;Strawberry
587;17;Concentrate Whey Protein;2lbs;Capuccino
501;1;Signature BCAA;30 Servings;NA
402;1;Active BCAAs Powder;30 Servings;NA
408;1;Essential AmiN.O. Energy;30 Servings;NA
422;1;BCAA Energy Amino Acids;30 Servings;NA
401;1;AMINOx BCAA;70 Servings;NA
407;1;Xtend Original BCAA;90 Servings;NA
514;1;Amino Build Next Gen;50 Servings;NA
555;1;AminoLean Amino Acids;70 Servings;NA
395;1;RecoverMode Muscle Recovery;30 Servings;NA
554;1;Recovery Amino;30 Servings;NA
552;1;Essential AmiN.O. Energy;65 Servings;NA
419;1;In-Kaged Intra Workout;20 Servings;NA
547;1;BCAA 5000;30 Servings;NA
548;1;BCAA 5000;60 Servings;NA
543;1;BCAA Lean Energy;30 Servings;NA
546;1;HYDRAMINO Electrolytes;60 Servings;NA
400;1;BCAA 5000;240 Capsules;NA
410;1;Amino Build Next Gen Ripped;30 Servings;NA
399;1;BCAA Energy Amino Acids;65 Servings;NA
601;1;Xtend Original BCAA;30 Servings;NA
517;1;FocusMode;30 Veggie Caps;NA
523;1;XTEND Sport;30 Servings;NA
520;1;Amino Build Next Gen;30 Servings;NA
404;1;LeanBCAA Fat Burner;30 Servings;NA
398;1;AminoLean Amino Acids;30 Servings;NA
545;1;Alpha Amino;30 Servings;NA
542;1;AMINO SYNERGY;30 Serving;NA
397;1;BCAA 2:1:1;400 Grams;NA
403;1;HMB 1000 mg;90 Capsules;NA
522;1;BCAA 1000 mg;400 Capsules;NA
516;1;XTEND Ripped;30 Servings;NA
518;1;AMINOx BCAA;30 Servings;NA
521;1;Animal M-Stak;21 Packs;NA
515;1;Alpha Amino;60 Servings;NA
559;1;Alpha Amino;90 Servings;NA
544;2;MICROPURE GLUTAMINE;500 Grams;NA
553;2;L-Glutamine Capsules;240 Capsules;NA
394;2;MICROPURE GLUTAMINE;300 Grams;NA
505;3;Serious MASS Gainer;1lbs;Chocolate
504;3;Serious MASS Gainer;1lbs;Peanut Butter
510;3;Serious MASS Gainer;1lbs;Coconut
509;3;Serious MASS Gainer;1lbs;Cookies
506;3;Serious MASS Gainer;1lbs;Vanilla
493;3;Serious MASS Gainer;1lbs;Banana
415;3;Serious MASS Gainer;1lbs;Caramel Ice Cream
421;3;Serious MASS Gainer;1lbs;Strawberry
280;3;Serious MASS Gainer;1lbs;Capuccino
257;3;PRO Weight Gainer;1lbs;Chocolate
254;3;PRO Weight Gainer;1lbs;Peanut Butter
266;3;PRO Weight Gainer;1lbs;Coconut
262;3;PRO Weight Gainer;1lbs;Cookies
270;3;PRO Weight Gainer;1lbs;Vanilla
272;3;PRO Weight Gainer;1lbs;Banana
264;3;PRO Weight Gainer;1lbs;Caramel Ice Cream
286;3;PRO Weight Gainer;1lbs;Strawberry
412;3;PRO Weight Gainer;1lbs;Capuccino
253;3;PRO Weight Gainer;1lbs;Chocolate
423;4;MRE Lite;1lbs;Natural
525;4;MRE Bar;12 bars;Natural
524;4;Meal Replacement;40 packs;Natural
557;4;RAW Organic Meal;28 serv;Natural
531;4;Carb Watchers Lean Body MRP;42 packs;Natural
534;4;Ration Pack Meal Replacement;20 packs;Natural
532;4;Carb Watchers Lean Body MRP;20 packs;Natural
414;4;100% Keto Food;14 serv;Natural
420;4;Myolean Evolution;30 serv;Natural
393;4;ONE;12 oz;Natural
411;4;ONE;3lbs;Natural
391;4;ONE;10 packs;Natural
396;4;ONE;24 oz;Natural
603;4;ONE;36 oz;Natural
470;5;Full-Finger Gloves;L;Black
469;5;Full-Finger Gloves;M;Black
468;5;Full-Finger Gloves;S;Black
466;5;Half-Finger Gloves;L;Black
467;5;Half-Finger Gloves;L;Black
464;5;Half-Finger Gloves;M;Black
465;5;Half-Finger Gloves;M;Black
462;5;Half-Finger Gloves;S;Black
463;5;Half-Finger Gloves;S;Black
461;6;Men's Jacket;L;Black
460;6;Men's Jacket;M;Black
459;6;Men's Jacket;S;Black
233;7;Long-Sleeve Logo Jersey;L;Black
232;7;Long-Sleeve Logo Jersey;L;Red
234;7;Long-Sleeve Logo Jersey;L;White
230;7;Long-Sleeve Logo Jersey;M;Black
229;7;Long-Sleeve Logo Jersey;M;Red
231;7;Long-Sleeve Logo Jersey;M;White
226;7;Long-Sleeve Logo Jersey;S;Black
227;7;Long-Sleeve Logo Jersey;S;Red
228;7;Long-Sleeve Logo Jersey;S;White
236;7;Long-Sleeve Logo Jersey;XL;Black
235;7;Long-Sleeve Logo Jersey;XL;Red
237;7;Long-Sleeve Logo Jersey;XL;White
490;7;Short-Sleeve Classic Jersey;L;Black
489;7;Short-Sleeve Classic Jersey;M;Black
488;7;Short-Sleeve Classic Jersey;S;Black
491;7;Short-Sleeve Classic Jersey;XL;Black
454;8;Men's Sports Shorts;L;Black
453;8;Men's Sports Shorts;M;Black
445;8;Men's Sports Shorts;S;Black
455;8;Men's Sports Shorts;XL;Black
476;8;Women's Gym Shorts;L;Black
475;8;Women's Gym Shorts;M;Black
474;8;Women's Gym Shorts;S;Black
219;9;Gym Sports Socks;L;Black
218;9;Gym Sports Socks;M;Black
482;9;Gym Socks;L;Black
481;9;Gym Socks;M;Black
224;10;Men's 3/4 Leggings;L;Black
223;10;Men's 3/4 Leggings;M;Black
225;10;Men's 3/4 Leggings;S;Black
458;10;Women's Tights;L;Black
457;10;Women's Tights;M;Black
456;10;Women's Tights;S;Black
473;11;Classic Vest;L;Black
472;11;Classic Vest;M;Black
471;11;Classic Vest;S;Black
297;12;STEAK in Powder;4lbs;Chocolate
307;12;STEAK in Powder;4lbs;Peanut Butter
293;12;STEAK in Powder;4lbs;Coconut
288;12;STEAK in Powder;4lbs;Cookies
296;12;STEAK in Powder;4lbs;Vanilla
304;12;STEAK in Powder;4lbs;Banana
495;12;STEAK in Powder;4lbs;Caramel Ice Cream
494;12;STEAK in Powder;4lbs;Strawberry
498;12;STEAK in Powder;4lbs;Capuccino
606;14;Pure Casein Protein;1lbs;Banana
605;14;Pure Casein Protein;1lbs;Caramel Ice Cream
593;14;Pure Casein Protein;1lbs;Strawberry
591;14;Pure Casein Protein;1lbs;Capuccino
595;14;Pure Casein Protein;1lbs;Chocolate
594;14;Pure Casein Protein;1lbs;Peanut Butter
592;14;Pure Casein Protein;1lbs;Coconut
242;16;100% Vegan Protein;4lbs;Chocolate
239;16;100% Vegan Protein;4lbs;Peanut Butter
245;16;100% Vegan Protein;4lbs;Coconut
241;16;100% Vegan Protein;4lbs;Cookies
238;16;100% Vegan Protein;4lbs;Vanilla
289;16;100% Vegan Protein;4lbs;Banana
294;16;100% Vegan Protein;4lbs;Caramel Ice Cream
308;16;100% Vegan Protein;4lbs;Strawberry
305;16;100% Vegan Protein;4lbs;Capuccino
342;17;Hydrolyzed Whey Protein;1lbs;Banana
567;17;Hydrolyzed Whey Protein;1lbs;Caramel Ice Cream
566;17;Hydrolyzed Whey Protein;1lbs;Strawberry
570;17;Hydrolyzed Whey Protein;1lbs;Capuccino
565;17;Hydrolyzed Whey Protein;1lbs;Chocolate
572;17;Hydrolyzed Whey Protein;1lbs;Peanut Butter
569;17;Hydrolyzed Whey Protein;1lbs;Coconut
586;17;Hydrolyzed Whey Protein;1lbs;Cookies
568;17;Hydrolyzed Whey Protein;1lbs;Vanilla
585;17;Isolate Whey Protein;1lbs;Banana
571;17;Isolate Whey Protein;1lbs;Caramel Ice Cream
584;17;Isolate Whey Protein;1lbs;Strawberry
597;17;Isolate Whey Protein;1lbs;Capuccino
598;17;Isolate Whey Protein;1lbs;Chocolate
600;17;Isolate Whey Protein;1lbs;Peanut Butter
604;17;Isolate Whey Protein;1lbs;Coconut
596;17;Isolate Whey Protein;1lbs;Cookies
599;17;Isolate Whey Protein;1lbs;Vanilla
483;18;Active Man;90 Tablets;NA
477;18;VitaMode Multivitamin;120 Tablets (60 Days);NA
478;18;Platinum Multivitamin;90 Tablets;NA
479;18;VitaMode Multivitamin;60 Tablets (30 Days);NA
484;18;Signature Multivitamin;90 Tablets;NA
485;18;Opti-Men Multivitamin for Men;150 Tablets;NA
216;18;Animal Pak Multivitamin;44 Packs;NA
215;18;Women Multivitamin;120 Capsules;NA
217;18;Men Multivitamin for Men;90 Tablets;NA
213;18;Men Multivitamin for Men;240 Tablets;NA
221;18;Orange Triad;270 Tablets;NA
220;18;Platinum Multivitamin For Her;90 Tablets;NA
212;18;Opti-Women Multivitamin;60 Capsules;NA
214;18;VITASTACK;30 Multi-Packs;NA
222;18;Adam Men's Multivitamin;180 Softgels;NA
487;18;Women's MultiVitamin;120 Tablets;NA
450;18;Anavite;180 Tablets;NA
447;18;Animal Pak Multivitamin;30 Packs;NA
446;18;Women's Multivitamin + Antioxidants;120 Tablets;NA
448;18;Daily Formula;100 Tablets;NA
449;18;Multi Sport Men's Formula;120 Vegetable Capsules;NA
480;18;Vigor Male Multivitamin;30 Tablets;NA
528;18;Adam Men's Multivitamin;90 Veg Capsules;NA
